Category	Term	Count	%	PValue	Genes	List Total	Pop Hits	Pop Total	Fold Enrichment	Bonferroni	Benjamini	FDR
GOTERM_MF_ALL	GO:0003735~structural constituent of ribosome	88	6.967537608867776	4.157522724554119E-62	100549581, 100547161, 100538846, 100544053, 100549068, 100542991, 100544011, 100549465, 100545822, 100542431, 104912139, 100545028, 100543686, 104913788, 104914712, 104915646, 100543844, 104911008, 100540338, 100550011, 100551385, 100548961, 100546221, 100547675, 100549932, 100546185, 100545851, 100543794, 100544168, 100543230, 104916366, 100544721, 100540046, 100548207, 100550724, 100550844, 100540447, 100539624, 100550521, 100539744, 100542629, 100540923, 100539786, 100538499, 100539541, 692134, 100549126, 100544590, 100547984, 100545680, 100543980, 104910056, 100544398, 100542056, 100542176, 100543583, 100545166, 100543589, 100543586, 104914817, 100543988, 104914854, 100549328, 100549405, 100543987, 100542419, 100550355, 100539872, 100547908, 100550153, 100547094, 100547212, 100545154, 100547099, 100546444, 100541396, 100543176, 109364438, 100542443, 100544743, 100538671, 100543575, 100544269, 100540304, 100551437, 100539888, 100550422, 100539763	966	185	18695	9.20575233618712	5.275896337459177E-59	5.275896337459177E-59	5.088807814854241E-59
GOTERM_MF_ALL	GO:0003723~RNA binding	181	14.330958036421219	1.7008902747606884E-46	100549021, 100550090, 100539978, 100549303, 100549786, 100541381, 100547401, 100548975, 104913186, 104915003, 100542991, 100544011, 100543443, 100544934, 104911208, 100540335, 100550019, 100538921, 100539215, 100540615, 100541828, 100550254, 100549932, 100543431, 100543794, 100541771, 100538493, 100540201, 100543713, 100546705, 100548207, 100545616, 100540445, 100544526, 100542629, 100550366, 100551212, 100538499, 692134, 100539717, 100539716, 100544070, 100549126, 100542173, 100547984, 100546654, 100548671, 100543784, 100541003, 104914854, 100545847, 100549405, 100546935, 100545846, 100550355, 100550751, 100550233, 100547908, 100549074, 104913590, 100547212, 100549512, 104915379, 100543130, 100547335, 100547699, 104914561, 100541470, 109364878, 100541472, 100542443, 100547856, 100541359, 100540304, 100550502, 100544905, 100538877, 100550100, 104915819, 100551261, 100544053, 100549742, 104914632, 100545382, 100549189, 104917102, 100544177, 100549465, 100548652, 100540496, 100545822, 100542398, 100543644, 100545028, 100543768, 100548537, 100538844, 100543407, 100539656, 100551385, 100548362, 100539308, 100543074, 100547675, 100547798, 100546185, 100547033, 100544168, 100548881, 100543230, 104910142, 100545655, 100544841, 100546622, 100544208, 100542029, 100550724, 100541698, 100550844, 104913415, 104914988, 100540006, 100550965, 100545819, 100538855, 100540923, 100538457, 100539786, 100550684, 100550167, 100550440, 100539541, 100551082, 100541040, 100540192, 104915105, 100546731, 100544398, 104910056, 100546610, 100540194, 100548476, 100549168, 100540077, 100550837, 104913606, 100545522, 100546618, 100549328, 100542017, 104912997, 100541327, 100545922, 100541568, 104916715, 100540911, 100539755, 100550397, 100539872, 100544383, 100545751, 100549034, 104914760, 100541396, 100543176, 109364438, 100543853, 100547816, 100543575, 100540189, 100544269, 104916307, 100540345, 100549317, 100550668, 100550301, 100542805, 100550422, 100539764, 100550662, 100539763	966	1094	18695	3.2019135052478984	2.1584297586713137E-43	1.0792148793356568E-43	1.0409448481535413E-43
GOTERM_MF_ALL	GO:0003676~nucleic acid binding	292	23.119556611243073	3.2259993193660883E-24	100549021, 100548050, 100547401, 100548975, 100541660, 100542991, 100544011, 100543044, 100544934, 100540335, 100538480, 100550019, 100550932, 100541306, 100538921, 100539215, 100550254, 100539454, 100549932, 100541771, 100540201, 100538493, 100543713, 100540445, 100543832, 104916968, 100542629, 100550366, 100541539, 100551212, 100539346, 100538499, 100544808, 100551330, 100538904, 100549126, 100547984, 100542173, 100546654, 100544477, 100542859, 100542738, 100550355, 100550233, 104913590, 104916180, 100543130, 100542161, 104914561, 104913359, 100547856, 100540304, 100544905, 100550100, 100550582, 100546752, 100549103, 104913022, 100543120, 100549465, 100542398, 100546877, 100549109, 100539656, 100548362, 100539308, 100542381, 100549458, 100546185, 100547033, 100543230, 100542264, 100544202, 100545655, 100546622, 100544208, 100542029, 104916528, 100538457, 100539786, 100550684, 100550440, 100539541, 100551085, 100547140, 100551082, 100540192, 100541040, 104915105, 100540194, 100546731, 100546610, 100548112, 100548476, 100540077, 104913606, 100545522, 100543587, 100546618, 100549328, 100542017, 104912997, 100544316, 100539755, 100539872, 100547256, 100549794, 100545751, 100541396, 100549553, 109364438, 100543572, 100540189, 100547816, 100545633, 100543575, 100547931, 104916307, 104914800, 100549317, 100550668, 100538678, 100542805, 100550422, 100550301, 100539403, 100539764, 100550662, 100539763, 100541959, 100550090, 100539978, 104913068, 100549303, 100549786, 100541381, 100546273, 104913186, 104915003, 100542233, 100543443, 104915927, 104911208, 100540853, 100540615, 100541828, 100544083, 100543431, 100545850, 100543794, 116216385, 100545057, 100541252, 100540164, 100546821, 100546705, 100550768, 100548207, 100545616, 100544526, 100550883, 692134, 100539717, 100539716, 100544070, 104915029, 100548671, 104914616, 100543784, 100542455, 100541003, 104915823, 100540037, 104914854, 100545847, 100549405, 100540159, 100546935, 100545846, 100550751, 100547908, 100540719, 100551274, 100549074, 100551390, 100549512, 100547212, 104915379, 100547335, 100544184, 100547699, 104915930, 100541470, 109364878, 100547332, 100541472, 100542443, 100549999, 100541359, 100550502, 100538877, 100550982, 104915819, 100550053, 100551261, 100548890, 100548895, 100544053, 100549742, 104914632, 100548655, 100546593, 100545382, 100549189, 104916254, 104917102, 100544177, 100549740, 100548652, 100550619, 100545822, 100540496, 100543644, 100545028, 100543768, 100548537, 100538844, 100543407, 100545948, 100551385, 100543192, 100548884, 100543074, 100547675, 100547798, 100548881, 100544168, 104910142, 100546222, 100543633, 100544841, 100547315, 100541698, 100550724, 104913415, 104914988, 100550965, 100550844, 100540006, 100545819, 100538855, 100551016, 100540923, 100550167, 100551374, 100551360, 100543181, 100538703, 100542091, 100544398, 104910056, 100547780, 100542097, 100543187, 100549168, 100550959, 100550837, 100548756, 100540357, 100541327, 100545922, 104916715, 100541568, 100540911, 100551128, 100550397, 100538715, 100544383, 100541790, 100546687, 100549034, 100549037, 104914760, 100543176, 100544942, 100543853, 100541551, 100544269, 100540345, 100549716, 100540228, 100538952	966	3241	18695	1.743621291130782	4.093793136275566E-21	1.3645977120918553E-21	1.316207722301364E-21
GOTERM_MF_ALL	GO:0005198~structural molecule activity	109	8.630245447347585	2.7596162648385196E-21	104913061, 100547085, 654833, 100543166, 100542991, 100544011, 104912139, 100543686, 104914712, 104915646, 100543844, 100540338, 100541306, 100539974, 100550011, 104917012, 100548961, 100549932, 100545851, 100543794, 100548563, 116216385, 100540046, 100548207, 100540447, 100539624, 100542629, 100550521, 100539744, 100538499, 100548030, 100551283, 692134, 100549126, 100547984, 100545680, 100544590, 100542056, 100543021, 100542176, 100545166, 104915823, 104914854, 100549405, 100550355, 100547908, 100550060, 100547212, 100545154, 100542443, 100544743, 100546369, 100540304, 100551437, 100549581, 100547161, 100538846, 100544053, 100549068, 100549465, 100545822, 100542431, 100545028, 104913788, 104911008, 100542318, 100551385, 100546221, 100547675, 100546185, 100544168, 100543230, 100540240, 100541175, 104916366, 100544721, 100550724, 100550844, 104916528, 100540923, 100539786, 100539541, 100543980, 100544398, 104910056, 100543583, 100543589, 100543586, 104914817, 100543988, 100549328, 100543987, 100542419, 100539872, 100550153, 100547094, 100547495, 100546444, 100547099, 100541396, 100543176, 109364438, 100538671, 100543575, 100544269, 100539888, 100550422, 100539763, 100551078	966	785	18695	2.687232134615131	3.5019530400800814E-18	8.754882600200204E-19	8.44442577040587E-19
GOTERM_MF_ALL	GO:0097159~organic cyclic compound binding	438	34.679334916864605	8.066262908094455E-20	100549021, 100548291, 100548170, 100548050, 100541660, 100542991, 100539694, 100542994, 100544934, 100542754, 100538480, 100540335, 100550019, 100544817, 100542517, 100542637, 100541306, 100539215, 100551225, 100550254, 100539454, 100541771, 100538493, 100540201, 100543713, 100540445, 100543832, 104916968, 100542987, 100543718, 100551336, 100542629, 100541539, 100550366, 100551334, 100551212, 100538499, 100539346, 100544808, 100551330, 100549242, 100549126, 100549487, 100539671, 100540315, 100542859, 100542738, 100550355, 100550233, 100547293, 104913590, 104914561, 104913359, 100542966, 100540304, 100544905, 100550225, 100550100, 100550582, 100549103, 100547045, 104913022, 100549465, 100549109, 100550459, 100542838, 100539656, 100550454, 100548362, 100539308, 100549698, 100549456, 100549458, 100546185, 104914582, 100547033, 104911199, 104916528, 100538457, 100539786, 100550684, 100539785, 100538697, 100538455, 100550440, 100539541, 100547140, 104915105, 100548112, 100548476, 100547029, 100549328, 100539755, 100539872, 100547498, 100547256, 100545195, 100549794, 104913395, 100547132, 100549553, 109364438, 100541710, 104916307, 100549317, 100550668, 100538678, 100542805, 100550422, 100550301, 100539403, 100539764, 100550662, 100539763, 100541959, 100539978, 104913068, 100549303, 100549786, 100548215, 100546273, 104913186, 104915003, 100540853, 100540614, 100550896, 100540615, 100539974, 100541828, 100538642, 100550650, 100544083, 100548566, 116216385, 100545057, 100550768, 100550405, 100548207, 100540725, 100550883, 100540609, 100539860, 692134, 100539717, 100539716, 100544070, 104915029, 100544194, 100548671, 100548311, 100546017, 100549405, 100538864, 100550751, 100540719, 100543093, 100549512, 100547212, 104915379, 100547335, 100547699, 100544184, 100546367, 100544187, 100547332, 100549999, 100550502, 100538877, 100550982, 100550980, 100548890, 100544292, 100548895, 100547443, 100544053, 100549742, 100548655, 100546593, 100549744, 100545382, 104916254, 100549983, 100546355, 100545145, 100549740, 100548652, 104917102, 100544177, 100550619, 100545028, 100547569, 100548537, 100538844, 100543192, 100548884, 100543074, 100547675, 100549854, 100547798, 100548881, 100544168, 100546222, 100546108, 100549615, 100547315, 100550724, 100550965, 100550844, 100538855, 100540923, 100543181, 100538703, 100542091, 100548997, 100547780, 100544398, 100542097, 100543187, 100550959, 100303677, 100550837, 100548756, 100540911, 100538701, 100538838, 100539807, 100538715, 100544383, 100546687, 100303685, 100543176, 100544028, 100546206, 100544269, 100549716, 100538952, 100547401, 100548975, 100544011, 100550807, 100543044, 100550932, 100538921, 100549932, 100538904, 100547861, 100547984, 100542173, 100544470, 100542172, 100546654, 100546537, 100544477, 104916180, 100543130, 100547732, 100542161, 100544583, 100542044, 100545315, 100547856, 100546991, 100543481, 100546752, 100543120, 100546877, 100542398, 100548932, 100542381, 100545411, 100543232, 100543230, 100544683, 100542264, 100545655, 100544202, 100546622, 100544208, 100542029, 104913819, 100551085, 100551082, 100540192, 100541040, 100546731, 100546610, 100540194, 100543343, 104910451, 100541165, 100543462, 100540077, 104913606, 100543587, 100545522, 100544434, 100546618, 100542017, 104912997, 100544316, 104915908, 100542480, 100545751, 100541396, 100543572, 104913714, 100547815, 104913715, 100547816, 100545633, 100543575, 100540189, 100547931, 104914800, 100546968, 100547933, 100542009, 100550090, 100541381, 104913621, 100544770, 100540175, 100542233, 104911687, 104915807, 100543443, 100547927, 104915927, 100542237, 104911208, 100545625, 100545850, 100543794, 100543431, 100541374, 100541252, 100540164, 100544765, 100543434, 100546821, 104912644, 100543796, 100546705, 100545616, 100544526, 100544408, 100539069, 100545840, 100544996, 104914616, 100544512, 100543784, 100542455, 100541003, 100546937, 104915823, 104914854, 100541127, 100540037, 100545847, 100540159, 100546935, 100545846, 100134843, 100551288, 100547908, 100539399, 100551274, 100549074, 100550060, 100551390, 104915930, 100541470, 109364878, 100541472, 100545712, 100541596, 100542443, 100540388, 100540026, 100543656, 100541359, 104915819, 100550186, 100550053, 100551261, 104914632, 100549189, 104914517, 100545822, 100540496, 100543644, 100543768, 100543407, 100545948, 100551385, 100548080, 104913530, 104910142, 100543633, 100543993, 100544841, 100541698, 104913415, 104914988, 100540006, 104915835, 100545819, 109370376, 100551016, 100548090, 100550167, 100551374, 100551360, 104915862, 104910056, 100549168, 100540357, 100541327, 100545922, 104916715, 100541568, 100551128, 100551003, 100550397, 104912460, 100541790, 100549034, 100549037, 104914760, 100544942, 100543853, 100541551, 104915859, 100544940, 100540345, 100540228, 100539128	966	5946	18695	1.4255995470622769	1.0236087630371863E-16	2.047217526074373E-17	1.9746211599015227E-17
GOTERM_MF_ALL	GO:0019843~rRNA binding	21	1.66270783847981	3.882302244005021E-13	100544070, 100549126, 100547984, 104910056, 100543794, 100542991, 100548476, 100549465, 109364438, 100543176, 100541771, 100544269, 100548207, 100542017, 104914988, 100540006, 100538877, 100542629, 100540923, 100538457, 100538499	966	52	18695	7.815635451505017	4.926828944817885E-10	8.211069246070619E-11	7.919896577770243E-11
GOTERM_MF_ALL	GO:0045182~translation regulator activity	29	2.2961203483768804	4.74609300420494E-12	100539716, 100542091, 100549126, 104914632, 100549103, 100541660, 104917102, 100550619, 100550959, 100545847, 100550019, 100545922, 100539656, 100542738, 100548884, 100542381, 104915930, 100543572, 100541375, 100545633, 100547315, 104916307, 100542029, 100540445, 100543832, 100547856, 100538855, 100539346, 100550440	966	116	18695	4.838250517598343	6.022791265714034E-9	8.603988603337241E-10	8.298882624495495E-10
GOTERM_MF_ALL	GO:0030515~snoRNA binding	14	1.1084718923198733	4.973723450661883E-11	100549074, 100551261, 100543130, 100547699, 104910056, 109364878, 100541472, 100542398, 100541771, 100543768, 100542017, 100546935, 100540911, 100542805	966	25	18695	10.83768115942029	6.311652300805548E-8	7.889568823612413E-9	7.609796879512682E-9
GOTERM_MF_ALL	GO:0008135~translation factor activity, RNA binding	23	1.8210609659540775	1.296038731998335E-10	100539716, 100542091, 100548884, 104914632, 100542381, 104915930, 100541660, 100549103, 100543572, 104917102, 100550619, 100550959, 100545633, 100547315, 104916307, 100543832, 100547856, 100550019, 100545922, 100538855, 100542738, 100539346, 100550440	966	83	18695	5.362880091795755	1.6446731421204674E-7	1.8274146121176522E-8	1.7626126755177355E-8
GOTERM_MF_ALL	GO:0090079~translation regulator activity, nucleic acid binding	24	1.9002375296912115	2.84615052875395E-10	100539716, 100542091, 100548884, 104914632, 100542381, 104915930, 100541660, 100549103, 100543572, 104917102, 100550619, 100550959, 100545633, 100547315, 104916307, 100545847, 100543832, 100547856, 100550019, 100545922, 100538855, 100542738, 100539346, 100550440	966	94	18695	4.941192017972776	3.6117636759147587E-7	3.611765020988763E-8	3.4836882471948353E-8
GOTERM_MF_ALL	GO:0051082~unfolded protein binding	25	1.979414093428345	4.300223674752386E-10	100549141, 100538709, 100538922, 100549744, 100548997, 100546654, 100543462, 100539694, 104916439, 100548932, 104917190, 100538701, 100542818, 100539807, 100549456, 100547732, 100543232, 100549034, 100540562, 100547815, 100543656, 100550326, 100550225, 100548090, 100551334	966	104	18695	4.652163959229177	5.456982147267198E-7	4.960894402964343E-8	4.784976161724473E-8
GOTERM_MF_ALL	GO:0140640~catalytic activity, acting on a nucleic acid	71	5.6215360253365	3.226126117541108E-9	100544292, 100548170, 100548895, 100549786, 100547401, 100548655, 100546593, 100545382, 100548572, 104913022, 100549740, 100543044, 100546877, 104915807, 100538480, 100540853, 100542637, 100550454, 100545948, 100549854, 100548881, 100541252, 100542264, 100544765, 100545655, 100546821, 100550768, 100541698, 100550965, 100544526, 100542987, 109370376, 100539667, 100538697, 100544808, 104913819, 100551374, 100551330, 100538709, 100538703, 100549963, 104915862, 100541040, 100542173, 100544596, 100547780, 100550838, 100544477, 100546017, 100541003, 100546937, 100548713, 100549724, 100542017, 100545846, 100543822, 100551128, 100539679, 100545809, 100551274, 100538715, 104912460, 100549794, 100543376, 100544942, 100542963, 100550502, 100538952, 100550982, 100539687, 100541959	966	646	18695	2.127032735290913	4.093945703109725E-6	3.4116283692997217E-7	3.29064863989193E-7
GOTERM_MF_ALL	GO:0042802~identical protein binding	58	4.592240696753761	2.0973477205457154E-7	100548291, 100538527, 100542790, 100539573, 100546877, 100544934, 100538480, 100548615, 100545625, 100545988, 100540853, 100542517, 100541306, 100539014, 100550283, 100549095, 100549458, 100546185, 100545411, 100542264, 100540164, 100539782, 100538373, 100543993, 100541732, 100540006, 100548090, 100550244, 100550287, 104913819, 100551360, 100547460, 100548114, 100547344, 104913642, 100544511, 100546618, 100540159, 100540357, 100542017, 100545847, 104912997, 100547908, 104917192, 100539967, 100547498, 100541790, 100543577, 100545315, 100544667, 104913715, 100541597, 100540026, 100547414, 100542966, 100549716, 104910924, 100550143	966	538	18695	2.0863831228305125	2.6611803802401024E-4	2.047334044132702E-5	1.9747335461138122E-5
GOTERM_MF_ALL	GO:0003743~translation initiation factor activity	15	1.187648456057007	2.440200219280738E-7	100548884, 104914632, 104915930, 100541660, 104917102, 100550619, 100545633, 100547315, 100543832, 100547856, 100550019, 100545922, 100538855, 100539346, 100550440	966	52	18695	5.5825967510750125	3.096135055005167E-4	2.211867198762326E-5	2.1334321917140164E-5
GOTERM_MF_ALL	GO:0140662~ATP-dependent protein folding chaperone	15	1.187648456057007	1.308484633563789E-6	100539807, 100549456, 100549744, 100548997, 100546654, 100543462, 100539694, 100547815, 100548932, 100550459, 100543656, 100550225, 100538701, 100548090, 100551334	966	59	18695	4.920254763659332	0.0016590902718806033	1.1069779999949654E-4	1.0677234609880517E-4
GOTERM_MF_ALL	GO:0044183~protein folding chaperone	17	1.3460015835312746	3.76882875266929E-6	100549141, 100539807, 100549456, 100547732, 100549744, 100548997, 100546654, 100543462, 100539694, 100547815, 100548932, 100550459, 100543656, 100550225, 100538701, 100548090, 100551334	966	82	18695	4.0122077463010655	0.004771234027280191	2.989152304460831E-4	2.883153995792007E-4
GOTERM_MF_ALL	GO:0140097~catalytic activity, acting on DNA	32	2.5336500395882817	1.3662322661077309E-5	100538709, 100544292, 100538703, 100548655, 100546593, 100547780, 100549740, 100546877, 100550838, 100546937, 100538480, 100540853, 100543822, 100551128, 100550454, 100545948, 100551274, 100538715, 104912460, 100549794, 100542264, 100541252, 100544942, 100546821, 100550768, 100538952, 100550982, 100541959, 100544808, 104913819, 100551330, 100551374	966	261	18695	2.3727818630367357	0.017188174444919047	0.0010198522033474768	9.836872315975662E-4
GOTERM_MF_ALL	GO:0003729~mRNA binding	35	2.771179730799683	1.4563048302018509E-5	100551082, 100539978, 100549742, 100549126, 104915105, 104915003, 100545822, 100540496, 100545847, 104912997, 100545922, 100541568, 100538921, 100538844, 100550233, 100551385, 100544383, 100543074, 100547675, 100546185, 100549034, 100545751, 100543431, 100543176, 100540201, 100544841, 100544208, 100542029, 100540445, 100546705, 100541698, 100541359, 100538855, 100551212, 104915819	966	300	18695	2.257850241545894	0.01831092290204961	0.0010247699035349903	9.884305452536079E-4
GOTERM_MF_ALL	GO:0003678~DNA helicase activity	13	1.0292953285827395	1.5343284607694893E-5	100538715, 100546593, 100547780, 100541252, 100544942, 100546937, 100538480, 100540853, 100543822, 100545948, 100550454, 100538952, 100550982	966	54	18695	4.659056053983591	0.019282446251007168	0.0010247699035349903	9.884305452536079E-4
GOTERM_MF_ALL	GO:0140098~catalytic activity, acting on RNA	41	3.246239113222486	2.0025480163536955E-5	100548170, 100548895, 100549963, 104915862, 100549786, 100541040, 100542173, 100547401, 100545382, 100548572, 100544596, 104913022, 100543044, 100546877, 104915807, 100544477, 100546017, 100541003, 100548713, 100549724, 100542017, 100545846, 100542637, 100539679, 100545809, 100549854, 100543376, 100548881, 100544765, 100545655, 100542963, 100541698, 100550965, 100550502, 100544526, 100542987, 109370376, 100539667, 100539687, 100538697, 100544808	966	384	18695	2.066336158557626	0.02509240689464398	0.0012706167163764198	0.0012255593860084617
GOTERM_MF_ALL	GO:0003697~single-stranded DNA binding	16	1.2668250197941409	2.665909705152522E-5	100547140, 100538715, 100546593, 100547780, 100542097, 100542264, 100540201, 100540037, 100540159, 100538480, 100540853, 100541306, 100551016, 100538952, 100550883, 100551212	966	85	18695	3.6429180367799296	0.033264981237062674	0.0016109711503993096	0.001553844513860327
GOTERM_MF_ALL	GO:0016817~hydrolase activity, acting on acid anhydrides	71	5.6215360253365	3.2472860797996464E-5	100538768, 100546991, 100546593, 100549744, 104913621, 100545145, 100549103, 100547045, 100540175, 104914517, 104910952, 100539694, 100542398, 100548932, 100544934, 100538480, 100540853, 100540614, 100542517, 100550896, 100542637, 100550454, 100545948, 100550650, 100548041, 100547192, 104913530, 100548566, 100549456, 100541252, 100542264, 100544683, 100550604, 100550405, 100547879, 100548090, 100551334, 100539785, 100540609, 100551330, 100542172, 100544470, 100548997, 100547780, 104910451, 100544671, 100549487, 100543462, 100544512, 100550959, 100134843, 100538701, 104909253, 100538864, 100551003, 100551288, 100539807, 100538715, 104913432, 100546367, 100543572, 100541596, 100547815, 100544942, 100545315, 104913715, 100544940, 100549317, 100543656, 100550225, 100550982	966	828	18695	1.6594965543453255	0.04037119374052345	0.0018730936523935233	0.0018066718916703486
GOTERM_MF_ALL	GO:0043021~ribonucleoprotein complex binding	17	1.3460015835312746	3.464773830585066E-5	104913590, 100539716, 100549512, 104914632, 100544470, 100549740, 100550619, 100541375, 100550959, 100545511, 104916307, 100540445, 100549317, 104914988, 100550440, 104913819, 100539366	966	97	18695	3.3917632494503853	0.043016129232110956	0.0019116513004401952	0.0018438622472330961
GOTERM_MF_ALL	GO:0016655~oxidoreductase activity, acting on NAD(P)H, quinone or similar compound as acceptor	8	0.6334125098970704	4.093459185892978E-5	5848007, 104915859, 100547679, 100548559, 100543648, 100547569, 100545625, 100540281	966	20	18695	7.741200828157351	0.05062087463388276	0.002164416544540912	0.0020876641848054187
GOTERM_MF_ALL	GO:0016462~pyrophosphatase activity	70	5.542359461599366	4.399098368717304E-5	100538768, 100546991, 100546593, 100549744, 104913621, 100545145, 100549103, 100547045, 100540175, 104914517, 104910952, 100539694, 100542398, 100548932, 100544934, 100538480, 100540853, 100540614, 100542517, 100550896, 100550454, 100545948, 100550650, 100548041, 100547192, 104913530, 100548566, 100549456, 100541252, 100542264, 100544683, 100550604, 100550405, 100547879, 100548090, 100551334, 100539785, 100540609, 100551330, 100542172, 100544470, 100548997, 100547780, 104910451, 100544671, 100549487, 100543462, 100544512, 100550959, 100134843, 100538701, 104909253, 100538864, 100551003, 100551288, 100539807, 100538715, 104913432, 100546367, 100543572, 100541596, 100547815, 100544942, 100545315, 104913715, 100544940, 100549317, 100543656, 100550225, 100550982	966	821	18695	1.6500732581334183	0.05429612381640003	0.0022329823319609033	0.0021537985613239922
GOTERM_MF_ALL	GO:0016818~hydrolase activity, acting on acid anhydrides, in phosphorus-containing anhydrides	70	5.542359461599366	5.4196227612529445E-5	100538768, 100546991, 100546593, 100549744, 104913621, 100545145, 100549103, 100547045, 100540175, 104914517, 104910952, 100539694, 100542398, 100548932, 100544934, 100538480, 100540853, 100540614, 100542517, 100550896, 100550454, 100545948, 100550650, 100548041, 100547192, 104913530, 100548566, 100549456, 100541252, 100542264, 100544683, 100550604, 100550405, 100547879, 100548090, 100551334, 100539785, 100540609, 100551330, 100542172, 100544470, 100548997, 100547780, 104910451, 100544671, 100549487, 100543462, 100544512, 100550959, 100134843, 100538701, 104909253, 100538864, 100551003, 100551288, 100539807, 100538715, 104913432, 100546367, 100543572, 100541596, 100547815, 100544942, 100545315, 104913715, 100544940, 100549317, 100543656, 100550225, 100550982	966	826	18695	1.6400849212197774	0.06646504964750477	0.002645192801549995	0.002551391638374463
GOTERM_MF_ALL	GO:0043022~ribosome binding	13	1.0292953285827395	7.779395727659567E-5	100539716, 100549512, 104914632, 100549740, 100550619, 100541375, 100550959, 104916307, 100540445, 104914988, 100550440, 104913819, 100539366	966	63	18695	3.9934766177002206	0.09400760943885411	0.0036563159919999967	0.003526659396539004
GOTERM_MF_ALL	GO:0017116~single-stranded DNA helicase activity	8	0.6334125098970704	8.223524825756257E-5	100538715, 100543822, 100540853, 100546593, 100545948, 100538952, 100547780, 100541252	966	22	18695	7.037455298324864	0.0990998250829902	0.0037270189299588178	0.0035948551381163067
GOTERM_MF_ALL	GO:0016651~oxidoreductase activity, acting on NAD(P)H	11	0.870942201108472	9.558074728721533E-5	5848007, 104915859, 100547679, 100548559, 100543648, 100547569, 104911888, 100545625, 100546254, 100540281, 100542480	966	46	18695	4.627891799441894	0.11422983126838526	0.004182481665775044	0.004034166713087985
GOTERM_MF_ALL	GO:0008094~ATP-dependent activity, acting on DNA	20	1.583531274742676	1.1811982152070529E-4	100551274, 100538715, 100544292, 104912460, 100546593, 100547780, 100549794, 100542264, 100541252, 100544942, 100546937, 100538480, 100540853, 100543822, 100545948, 100550454, 100538952, 100550982, 100541959, 100551330	966	141	18695	2.7451066766515426	0.13920845074347277	0.004939109716934973	0.004763963982291889
GOTERM_MF_ALL	GO:0004386~helicase activity	21	1.66270783847981	1.2103777849057105E-4	100538715, 100542173, 104912460, 100546593, 100549854, 100547780, 100541252, 100544942, 100545655, 100546937, 100538480, 100541698, 100542017, 100545846, 100540853, 100543822, 100542637, 100545948, 100550454, 100538952, 100550982	966	153	18695	2.6562944018186982	0.14239035066391392	0.004939109716934973	0.004763963982291889
GOTERM_MF_ALL	GO:0140101~catalytic activity, acting on a tRNA	19	1.5043547110055424	1.245480779684154E-4	100548170, 100549963, 100549786, 104915862, 100541040, 100547401, 100545382, 100548881, 100544765, 104915807, 100541003, 100546017, 100549724, 100550965, 100544526, 100542987, 100539679, 109370376, 100538697	966	130	18695	2.8285156872113393	0.146202603750472	0.004939109716934973	0.004763963982291889
GOTERM_MF_ALL	GO:0003746~translation elongation factor activity	7	0.5542359461599367	2.0225262831619358E-4	100550959, 104916307, 100539716, 100542381, 100542738, 100549103, 100543572	966	18	18695	7.526167471819646	0.2263877839295465	0.007777532888886353	0.007501733850273362
GOTERM_MF_ALL	GO:0008137~NADH dehydrogenase (ubiquinone) activity	6	0.4750593824228029	2.1182486226932858E-4	5848007, 104915859, 100547679, 100543648, 100547569, 100540281	966	12	18695	9.676501035196686	0.23573005732400742	0.007906051477052293	0.007625695041695829
GOTERM_MF_ALL	GO:0031072~heat shock protein binding	13	1.0292953285827395	3.3366765940758073E-4	100550360, 100538709, 100539849, 100538702, 104916116, 100543232, 100549532, 100539694, 100546348, 104916439, 104917190, 100538701, 100551334	966	73	18695	3.4464250262344365	0.3452454962228121	0.011655537822238092	0.011242220878187097
GOTERM_MF_ALL	GO:0051087~protein-folding chaperone binding	13	1.0292953285827395	3.3366765940758073E-4	100538709, 100543240, 100547732, 100546654, 100545862, 100543232, 100546348, 100541501, 100547414, 104916439, 100550326, 104917190, 100551334	966	73	18695	3.4464250262344365	0.3452454962228121	0.011655537822238092	0.011242220878187097
GOTERM_MF_ALL	GO:0016491~oxidoreductase activity	68	5.3840063341250985	3.3983837621970797E-4	100548170, 100548213, 100542270, 100546038, 100546114, 100544770, 723983, 104913825, 100543047, 100550737, 100542994, 100547569, 100543648, 100545625, 104911888, 100544817, 100550283, 100548080, 100541370, 100540281, 100543474, 100545411, 100545898, 104916929, 100549615, 100547679, 104915835, 100544526, 100540404, 100543718, 100544408, 100540725, 100550046, 100538455, 5848007, 100549242, 100538828, 100547460, 100545282, 100546254, 100544194, 100548711, 100542172, 100549403, 100545444, 100541165, 104915861, 100545645, 100543103, 100544516, 100548559, 100548835, 100539878, 100541527, 100550872, 104915908, 100379155, 100545230, 100542480, 100379156, 100542120, 100303685, 100543693, 100545712, 104915859, 100540388, 100546204, 100550980	966	848	18695	1.5518916754560725	0.35035433435808194	0.011655537822238092	0.011242220878187097
GOTERM_MF_ALL	GO:0015078~proton transmembrane transporter activity	17	1.3460015835312746	3.697389266036541E-4	5848007, 100548571, 104915203, 100546780, 100540281, 100545663, 100543693, 100542245, 104915859, 100547679, 100547569, 100543648, 100548528, 100538546, 100538920, 100538864, 5848003	966	118	18695	2.788144366073622	0.3745509828544422	0.0123473341542115	0.011909485425338753
GOTERM_MF_ALL	GO:0015453~oxidoreduction-driven active transmembrane transporter activity	7	0.5542359461599367	3.863826343389743E-4	5848007, 104915859, 100547679, 100543648, 100547569, 100540281, 100543693	966	20	18695	6.773550724637682	0.3876273722395496	0.012572296486568164	0.012126470370023193
GOTERM_MF_ALL	GO:0017111~ribonucleoside triphosphate phosphatase activity	61	4.829770387965162	5.187839646406723E-4	100538768, 100546991, 100546593, 100549744, 104913621, 100545145, 100549103, 100547045, 100540175, 104914517, 100539694, 100542398, 100548932, 100538480, 100540853, 100540614, 100542517, 100550896, 100550454, 100545948, 100550650, 104913530, 100548566, 100549456, 100541252, 100542264, 100544683, 100550405, 100548090, 100551334, 100539785, 100540609, 100551330, 100542172, 100544470, 100548997, 100547780, 104910451, 100549487, 100543462, 100544512, 100550959, 100134843, 100538701, 100538864, 100551003, 100551288, 100539807, 100538715, 100546367, 100543572, 100541596, 100547815, 100544942, 100545315, 104913715, 100544940, 100549317, 100543656, 100550225, 100550982	966	751	18695	1.5719482374087828	0.4823767808326054	0.01645842127822533	0.015874789318004574
GOTERM_MF_ALL	GO:0016887~ATP hydrolysis activity	38	3.008709422011085	6.198855440618396E-4	100546593, 100549744, 104913621, 100544470, 100548997, 100547780, 100545145, 100549487, 100543462, 100539694, 100548932, 100538480, 100540853, 100134843, 100542517, 100540614, 100538701, 100550454, 100538864, 100545948, 100551003, 100550650, 100539807, 100538715, 100549456, 100542264, 100541252, 100544942, 100547815, 100545315, 104913715, 100544940, 100543656, 100550225, 100548090, 100551334, 100550982, 100551330	966	407	18695	1.8069141982185462	0.5447363912817669	0.0191862135466945	0.0185058513641876
GOTERM_MF_ALL	GO:0009055~electron transfer activity	8	0.6334125098970704	6.835823309678841E-4	5848007, 104915859, 100547679, 100543648, 100547569, 100548835, 100540281, 100543693	966	30	18695	5.1608005521049005	0.580110041410981	0.02065395185710107	0.01992154221677834
GOTERM_MF_ALL	GO:0016853~isomerase activity	21	1.66270783847981	0.0011041430578736236	100538709, 100548591, 100551273, 100538405, 100546782, 100548462, 104913186, 100549320, 100549983, 100548630, 100548652, 100541384, 100543853, 100542541, 100545896, 100544813, 100550932, 104912757, 100539755, 100550795, 100540936	966	181	18695	2.2453759308191206	0.753878915196145	0.03258505908003787	0.03142956053110035
GOTERM_MF_ALL	GO:0008266~poly(U) RNA binding	5	0.395882818685669	0.0011532102118841378	100544841, 100551082, 100541359, 100539656, 100550167	966	10	18695	9.676501035196688	0.7687528497218172	0.03325963088365843	0.03208021134877692
GOTERM_MF_ALL	GO:0000166~nucleotide binding	173	13.697545526524149	0.0013375476613918	100548291, 100548170, 100549786, 100548215, 104913621, 100544770, 100550807, 100540175, 100539694, 104911687, 104915807, 100547927, 100542994, 100538480, 100542754, 100542237, 100540853, 100545625, 100540614, 100542517, 100550896, 100542637, 100551225, 100539974, 100550650, 100539454, 100548566, 100541374, 100541252, 100540164, 100544765, 100543434, 104912644, 100546821, 100543796, 100550405, 100544526, 100542987, 100543718, 100551336, 100551334, 100540725, 100540609, 100539860, 100539069, 100551330, 100549242, 100547861, 100542173, 100542172, 100544470, 100546654, 100545840, 100548311, 100549487, 100546537, 100544996, 100544512, 100539671, 100546017, 100541003, 100546937, 100545846, 100134843, 100538864, 100551288, 100539399, 100551274, 100547293, 100550060, 100543093, 100547732, 100546367, 100544187, 100544583, 100542044, 100545712, 100541596, 100545315, 100540388, 100540026, 100542966, 100543656, 100550225, 100550982, 100550980, 100544292, 100543481, 100546991, 100547443, 100546593, 100549744, 100549103, 100547045, 100545145, 100549983, 104914517, 100542398, 100548932, 100547569, 100550459, 100543407, 100542838, 100545948, 100550454, 100548080, 104913530, 100549456, 100549698, 100549854, 100545411, 104914582, 100543232, 100548881, 104911199, 100544683, 100542264, 100546108, 100543993, 100545655, 100549615, 100541698, 100550844, 100550965, 104915835, 109370376, 100548090, 100539785, 100538697, 104913819, 104915862, 100548997, 100547780, 100543343, 104910451, 100543462, 100303677, 100550959, 100544434, 100547029, 100542017, 100544316, 100541568, 100551128, 100538701, 100551003, 100538838, 100539807, 100538715, 100547498, 104912460, 100545195, 100542480, 100549794, 104913395, 100547132, 100303685, 100543572, 104913714, 100544028, 100547815, 100544942, 100546206, 104913715, 104915859, 100544940, 100549317, 100546968, 100547933, 100542009, 100539128, 100538952, 100541959	966	2690	18695	1.244635449136823	0.8170393428378828	0.036898869180569435	0.03559039864225137
GOTERM_MF_ALL	GO:1901265~nucleoside phosphate binding	173	13.697545526524149	0.0013375476613918	100548291, 100548170, 100549786, 100548215, 104913621, 100544770, 100550807, 100540175, 100539694, 104911687, 104915807, 100547927, 100542994, 100538480, 100542754, 100542237, 100540853, 100545625, 100540614, 100542517, 100550896, 100542637, 100551225, 100539974, 100550650, 100539454, 100548566, 100541374, 100541252, 100540164, 100544765, 100543434, 104912644, 100546821, 100543796, 100550405, 100544526, 100542987, 100543718, 100551336, 100551334, 100540725, 100540609, 100539860, 100539069, 100551330, 100549242, 100547861, 100542173, 100542172, 100544470, 100546654, 100545840, 100548311, 100549487, 100546537, 100544996, 100544512, 100539671, 100546017, 100541003, 100546937, 100545846, 100134843, 100538864, 100551288, 100539399, 100551274, 100547293, 100550060, 100543093, 100547732, 100546367, 100544187, 100544583, 100542044, 100545712, 100541596, 100545315, 100540388, 100540026, 100542966, 100543656, 100550225, 100550982, 100550980, 100544292, 100543481, 100546991, 100547443, 100546593, 100549744, 100549103, 100547045, 100545145, 100549983, 104914517, 100542398, 100548932, 100547569, 100550459, 100543407, 100542838, 100545948, 100550454, 100548080, 104913530, 100549456, 100549698, 100549854, 100545411, 104914582, 100543232, 100548881, 104911199, 100544683, 100542264, 100546108, 100543993, 100545655, 100549615, 100541698, 100550844, 100550965, 104915835, 109370376, 100548090, 100539785, 100538697, 104913819, 104915862, 100548997, 100547780, 100543343, 104910451, 100543462, 100303677, 100550959, 100544434, 100547029, 100542017, 100544316, 100541568, 100551128, 100538701, 100551003, 100538838, 100539807, 100538715, 100547498, 104912460, 100545195, 100542480, 100549794, 104913395, 100547132, 100303685, 100543572, 104913714, 100544028, 100547815, 100544942, 100546206, 104913715, 104915859, 100544940, 100549317, 100546968, 100547933, 100542009, 100539128, 100538952, 100541959	966	2690	18695	1.244635449136823	0.8170393428378828	0.036898869180569435	0.03559039864225137
GOTERM_MF_ALL	GO:0017056~structural constituent of nuclear pore	7	0.5542359461599367	0.001414953142660476	100548030, 100542318, 100541306, 100543166, 100547495, 100543021, 100548563	966	25	18695	5.418840579710145	0.8341791126853744	0.03820373485183285	0.03684899248120048
GOTERM_MF_ALL	GO:1901363~heterocyclic compound binding	180	14.251781472684085	0.001715790516116603	100548291, 100548170, 100549786, 100548215, 104913621, 100544770, 100550807, 100540175, 100539694, 104911687, 104915807, 100547927, 100542994, 100538480, 100542754, 100542237, 100540853, 100545625, 100540614, 100542517, 100544817, 100550896, 100542637, 100551225, 100539974, 100550650, 100538642, 100539454, 100548566, 100541374, 100541252, 100540164, 100544765, 100543434, 104912644, 100546821, 100543796, 100550405, 100544526, 100542987, 100543718, 100551336, 100551334, 100540725, 100540609, 100539860, 100539069, 100551330, 100549242, 100547861, 100542173, 100544194, 100542172, 100544470, 100546654, 100545840, 100548311, 100549487, 100546537, 100544996, 100544512, 100539671, 100546017, 100541003, 100546937, 100545847, 100545846, 100134843, 100540315, 100538864, 100551288, 100539399, 100551274, 100547293, 100550060, 100543093, 100547732, 100546367, 100544187, 100544583, 100542044, 100545712, 100541596, 100545315, 100540388, 100540026, 100542966, 100543656, 100550225, 100550982, 100550980, 100544292, 100543481, 100546991, 100547443, 100546593, 100549744, 100549103, 100547045, 100545145, 100549983, 104914517, 100542398, 100548932, 100547569, 100550459, 100543407, 100542838, 100545948, 100550454, 100548080, 104913530, 100549456, 100549698, 100549854, 100545411, 104914582, 100543232, 100548881, 104911199, 100544683, 100542264, 100546108, 100543993, 100545655, 100549615, 100541698, 100550844, 100550965, 104915835, 109370376, 100548090, 100539785, 100538697, 104913819, 104915862, 100548997, 100547780, 100543343, 100541165, 104910451, 100543462, 100303677, 100550959, 100544434, 100547029, 100542017, 100544316, 100541568, 100551128, 100538701, 104915908, 100551003, 100538838, 100539807, 100538715, 100547498, 104912460, 100545195, 100542480, 100549794, 104913395, 100547132, 100303685, 100543572, 104913714, 100544028, 100547815, 100544942, 100546206, 104913715, 104915859, 100544940, 100549317, 100546968, 100547933, 100542009, 100539128, 100538952, 100541959	966	2829	18695	1.2313681062816568	0.8868689313007849	0.045361211769832696	0.04375265816097338
GOTERM_MF_ALL	GO:0016875~ligase activity, forming carbon-oxygen bonds	10	0.791765637371338	0.0021297933734055812	100544765, 104915807, 100541003, 100546017, 100550965, 100542987, 100549786, 104915862, 100538697, 100548881	966	56	18695	3.4558932268559595	0.933169117237693	0.05405415581703365	0.05213734178096863
GOTERM_MF_ALL	GO:0004812~aminoacyl-tRNA ligase activity	10	0.791765637371338	0.0021297933734055812	100544765, 104915807, 100541003, 100546017, 100550965, 100542987, 100549786, 104915862, 100538697, 100548881	966	56	18695	3.4558932268559595	0.933169117237693	0.05405415581703365	0.05213734178096863
GOTERM_MF_ALL	GO:0017076~purine nucleotide binding	161	12.747426761678543	0.003415291555699253	100548291, 100549786, 100548215, 104913621, 100550807, 100540175, 100539694, 104911687, 104915807, 100547927, 100542994, 100538480, 100542754, 100542237, 100540853, 100545625, 100540614, 100542517, 100550896, 100542637, 100551225, 100539974, 100550650, 100548566, 100541374, 100541252, 100540164, 100544765, 100543434, 104912644, 100543796, 100550405, 100542987, 100551336, 100551334, 100540725, 100540609, 100539860, 100539069, 100551330, 100549242, 100547861, 100542173, 100542172, 100544470, 100546654, 100545840, 100548311, 100549487, 100546537, 100544996, 100544512, 100539671, 100546017, 100541003, 100546937, 100545846, 100134843, 100538864, 100551288, 100539399, 100551274, 100547293, 100550060, 100543093, 100547732, 100546367, 100544187, 100544583, 100542044, 100541596, 100545315, 100540026, 100542966, 100543656, 100550225, 100550982, 100550980, 100544292, 100543481, 100546991, 100547443, 100546593, 100549744, 100549103, 100547045, 100545145, 100549983, 104914517, 100542398, 100548932, 100547569, 100550459, 100543407, 100542838, 100545948, 100550454, 100548080, 104913530, 100549456, 100549698, 100549854, 100545411, 104914582, 100543232, 100548881, 104911199, 100544683, 100542264, 100546108, 100543993, 100545655, 100549615, 100541698, 100550844, 100550965, 104915835, 109370376, 100548090, 100539785, 100538697, 104913819, 104915862, 100548997, 100547780, 100543343, 104910451, 100543462, 100303677, 100550959, 100547029, 100542017, 100544316, 100541568, 100538701, 100551003, 100538838, 100539807, 100538715, 100547498, 104912460, 100545195, 100549794, 100547132, 100303685, 100543572, 104913714, 100544028, 100547815, 100544942, 100546206, 104913715, 104915859, 100544940, 100549317, 100546968, 100547933, 100542009, 100539128, 100538952, 100541959	966	2535	18695	1.2291255752794212	0.9869820072883635	0.08301547756102809	0.08007166629999873
GOTERM_MF_ALL	GO:0019206~nucleoside kinase activity	5	0.395882818685669	0.0034671554852123633	100547927, 104917084, 100551225, 100547132, 100548311	966	13	18695	7.443462334766683	0.9878139742928601	0.08301547756102809	0.08007166629999873
GOTERM_MF_ALL	GO:0070182~DNA polymerase binding	5	0.395882818685669	0.0034671554852123633	100538709, 100543633, 104913068, 100543407, 100548090	966	13	18695	7.443462334766683	0.9878139742928601	0.08301547756102809	0.08007166629999873
GOTERM_MF_ALL	GO:0005488~binding	732	57.95724465558195	0.004648966162221416	100550372, 100549141, 100547085, 100549021, 100548291, 100548170, 100548050, 104913587, 654833, 100541660, 100542991, 100549025, 100549146, 100539694, 100542751, 100539573, 100542994, 104914436, 100544934, 100542754, 100538480, 100541544, 100540335, 100550019, 100551228, 100544817, 100542517, 100542637, 100541306, 100539215, 100551225, 100550256, 100551344, 100550254, 100539454, 100548041, 100550360, 104913575, 100549018, 104913573, 100540562, 100538373, 100541771, 100539463, 100540441, 100538493, 100540201, 100543713, 100540323, 100540445, 100543832, 104916968, 100542987, 100543718, 100551336, 100542629, 100541539, 100550366, 100551334, 100550244, 100551212, 100538499, 100539346, 100544808, 100538496, 100539464, 100539465, 100551330, 100549242, 100549126, 104913484, 100549487, 100539671, 100541884, 100543823, 100543943, 100540315, 100550359, 100540679, 100542859, 100542738, 100550355, 100550233, 100539675, 100539674, 100538584, 100547293, 104913590, 104915774, 104914203, 104914446, 104914561, 104911057, 100542963, 104913359, 100542966, 100540304, 100544905, 100550225, 100550100, 100550582, 104915565, 100549222, 116217284, 100549103, 100547045, 104913022, 100549465, 100549109, 100541501, 100550459, 100550217, 100543806, 100539777, 100542838, 100539656, 100550454, 100548362, 100539308, 100549578, 100549698, 100549456, 100549214, 100549458, 100546185, 104914582, 100547033, 116216184, 100547034, 104911199, 100539782, 100541732, 100540766, 100540886, 104916528, 100540523, 100550326, 100541859, 100538457, 100539786, 100550684, 100539785, 100538697, 100538455, 100550440, 100539541, 100547140, 100546171, 104916314, 100548114, 100548478, 104915105, 100548112, 100548476, 100547029, 100540874, 104916439, 100549328, 100541844, 100539514, 100550676, 100539755, 100540759, 100542818, 100539995, 100539872, 100550670, 100547498, 100547256, 100548103, 100548346, 100545195, 100549794, 100547495, 104913395, 100547132, 100549553, 109364438, 100547018, 100541710, 104916307, 100549317, 100550668, 100540622, 100538678, 100542805, 100550422, 100550301, 100539403, 100539764, 100538432, 100550662, 100539763, 100541959, 100538768, 100546270, 100538527, 100539978, 104913068, 100549303, 100548213, 100549786, 100548215, 100546273, 104914154, 104913186, 104915003, 100548332, 100542911, 100540853, 100540614, 100550896, 100539975, 100540615, 100539974, 100541828, 100550651, 100538642, 100550650, 104913292, 100544083, 100548566, 104913174, 116216385, 100549774, 100549532, 100545057, 100550768, 100550405, 100548207, 100539504, 100541936, 100539986, 100540725, 100550883, 100540609, 100539860, 100547460, 692134, 100539717, 100545282, 100539716, 100538868, 100538747, 100544070, 104916116, 100547344, 104916358, 100547587, 100545043, 104915029, 100547467, 100544194, 100548671, 100546015, 100548311, 100546017, 100549648, 100549405, 100540952, 100539832, 100540715, 100538864, 100550751, 100540719, 100541807, 104915252, 100539849, 100539848, 100543093, 100539967, 100549512, 100547212, 104915379, 100547335, 100547699, 100544184, 100546367, 100547694, 100544187, 100547332, 100550628, 100546249, 100549999, 100547217, 100550502, 100538877, 100539602, 100550982, 104910924, 100550980, 104915041, 100548890, 100538608, 100544292, 100548895, 100547443, 100544053, 100549742, 100546594, 100548655, 100546593, 100545141, 100549744, 100545382, 104916254, 100549983, 104917222, 100546355, 100545145, 100548773, 100549740, 100548652, 104917102, 100544177, 104916256, 100550619, 104910951, 100545028, 100546237, 100547569, 100548537, 100538844, 100540936, 100540818, 100543192, 100548884, 100543074, 100547675, 100549854, 100547798, 100548881, 100544289, 100544168, 104914189, 100546222, 104916366, 100546229, 100546108, 100546348, 100549615, 100550604, 100547315, 100550724, 100550965, 100550844, 100538855, 100538731, 100540923, 100538974, 100538709, 100543181, 100538702, 100538703, 100542091, 100549963, 100546331, 100543064, 100548997, 100547780, 100544398, 100545246, 100542098, 104916155, 100542097, 100543187, 100550959, 100303677, 100550837, 100548756, 100549724, 100550954, 100540911, 100538701, 109365384, 104916262, 100538838, 100539807, 100538715, 100544383, 100546320, 100544262, 100547895, 100545230, 100546687, 100303685, 100546563, 100543176, 100544028, 100546206, 100544269, 100547414, 100548867, 100549716, 104911936, 100538952, 100538922, 100547401, 100548975, 100538809, 100544011, 100550807, 100543044, 100547645, 100550932, 100548615, 100547769, 100538920, 100538921, 104917012, 100546782, 100549932, 100546780, 100545695, 100548607, 104909524, 100547879, 104910502, 104912806, 5848007, 100538904, 100547861, 100547984, 100543380, 100542173, 100544470, 100542172, 100546654, 100542056, 100546537, 100544477, 100548955, 100548713, 100548835, 104916180, 100541191, 100543130, 100547732, 100542161, 100544583, 100542044, 100546525, 100545315, 100547856, 100543018, 100546991, 100543481, 100541181, 100543240, 100543122, 100542032, 100546752, 100543486, 100543120, 100546877, 104913825, 100542398, 100546513, 100548932, 104917190, 104917170, 100542381, 100545411, 100543232, 100543230, 100544683, 100543594, 100542264, 100543478, 100545898, 100545655, 100544202, 100545896, 104912720, 100546622, 100543477, 100544208, 100542029, 104913819, 100551085, 100551082, 100540192, 100541040, 100546731, 100546610, 100540194, 100543343, 104910451, 100544671, 100541165, 100543462, 100546735, 100540077, 104913606, 100543102, 104909337, 100546974, 100543587, 100545522, 100544434, 104913721, 100546618, 104912995, 100542017, 104912997, 100544316, 104915908, 104917192, 100542480, 100545751, 100541396, 100543572, 104913714, 100543577, 100547815, 100546723, 100544667, 104913715, 100547816, 100545633, 100543575, 100540189, 100545511, 100547931, 100539084, 104914800, 100544429, 100546968, 100547933, 100542009, 100551078, 100550090, 100543680, 100541381, 104913621, 100545862, 100544770, 100540175, 100545745, 100542233, 104911687, 104915807, 100543443, 100547927, 100547806, 104915927, 100543565, 100539172, 104914712, 100542237, 104911208, 100545988, 100545625, 100539171, 100549095, 100540281, 100541130, 100545850, 100543794, 100544641, 100543431, 100541374, 100543550, 100541252, 100540164, 100544765, 104911678, 100543434, 100541375, 100546821, 104912644, 100540046, 100543796, 100546705, 100545616, 100544526, 100544408, 678662, 100539069, 104913642, 104910376, 100545840, 100544996, 104914616, 100544512, 104913407, 100543784, 100544511, 100542455, 100541003, 100546937, 104915823, 104914854, 100541127, 100540037, 100545847, 100540159, 100539030, 100546935, 100545846, 100546934, 100543426, 100134843, 104909253, 100551288, 100547908, 100539399, 100551274, 100549074, 100551273, 100550060, 100551390, 100549191, 104909270, 104915930, 100541470, 109364878, 100542561, 100541472, 100545712, 100541596, 100542443, 100540385, 100541597, 100543532, 100540388, 100545958, 100540026, 100543656, 100544867, 100541359, 104915819, 104909267, 100550186, 100550053, 100551261, 104914632, 100549189, 100542790, 100542551, 104914517, 100545822, 100544611, 100540496, 100543644, 100540014, 100543768, 100543648, 104913547, 100540018, 100542318, 100551027, 100543407, 100545948, 100551026, 100539015, 100551385, 100539014, 100551264, 100550283, 100549054, 100548080, 100549291, 104913530, 104913774, 100549298, 100540240, 104910142, 100540000, 100543633, 100543993, 100544841, 100545936, 100540489, 100541698, 104913415, 100541338, 104914988, 100540006, 104915835, 100545819, 109370376, 100551259, 100551016, 100551379, 100548090, 100539147, 100550167, 100550287, 100551374, 100551360, 100550150, 104915862, 100543980, 104910056, 100549168, 100540357, 100541327, 100545922, 104916715, 100541568, 100551128, 100551003, 100539598, 100538389, 100550397, 100550153, 100549274, 104915730, 104912460, 100541790, 104911256, 100549034, 100549037, 104914760, 104914407, 100544942, 100543853, 100541551, 104915859, 100544940, 100540102, 100540345, 100545913, 100541313, 100551117, 100540228, 100545917, 100541317, 100539128, 100550143, 100539366	966	13476	18695	1.0512316351682955	0.9972967325934151	0.10925070481220328	0.10537656634368543
GOTERM_MF_ALL	GO:0016741~transferase activity, transferring one-carbon groups	23	1.8210609659540775	0.0049477224159907435	100548890, 100538828, 100538702, 100549963, 104916314, 100546682, 100547895, 100541040, 100547401, 100549524, 100547340, 100540073, 100549298, 100540284, 100547342, 100549619, 100545847, 100550502, 100539667, 100539128, 100539687, 100550287, 100545809	966	234	18695	1.902218152218152	0.9981530944264918	0.11415744992531371	0.11010931340313945
GOTERM_MF_ALL	GO:0051287~NAD binding	10	0.791765637371338	0.00536633431885077	104915859, 100549242, 100542994, 100548080, 100547569, 104915835, 100543343, 100550980, 100303685, 100540164	966	64	18695	3.0239065734989645	0.9989172118301373	0.12160496876110048	0.11729273582630968
GOTERM_MF_ALL	GO:0031625~ubiquitin protein ligase binding	14	1.1084718923198733	0.005499364760990782	104916262, 100548997, 100546654, 100549034, 100542056, 100543577, 100546229, 100547815, 100541710, 104914712, 100548090, 100551334, 100538499, 100550153	966	113	18695	2.3977170706682056	0.9990862501554262	0.12243322599468952	0.11809162223601258
GOTERM_MF_ALL	GO:0000400~four-way junction DNA binding	5	0.395882818685669	0.006094802447138248	100549109, 100549794, 100541959, 100542264, 100547332	966	15	18695	6.451000690131125	0.9995726768508927	0.13335007423135237	0.12862134819477958
GOTERM_MF_ALL	GO:0034511~U3 snoRNA binding	4	0.3167062549485352	0.006313894569485962	100542398, 100546935, 100540911, 100542805	966	8	18695	9.676501035196688	0.9996769597718312	0.1335388701446281	0.12880344921751363
GOTERM_MF_ALL	GO:0003689~DNA clamp loader activity	4	0.3167062549485352	0.006313894569485962	100551274, 100543822, 100545948, 100551330	966	8	18695	9.676501035196688	0.9996769597718312	0.1335388701446281	0.12880344921751363
GOTERM_MF_ALL	GO:0016874~ligase activity	23	1.8210609659540775	0.00764687852874011	100538703, 100549786, 100543064, 104915862, 100545663, 100548881, 100544765, 104913714, 100542245, 104915807, 100544434, 100541003, 100546017, 100542966, 100550965, 100548528, 100542987, 109370376, 100539128, 100538864, 5848003, 100538697, 100539860	966	243	18695	1.8317656280619241	0.9999411889807402	0.15489282778358715	0.14940017431608404
GOTERM_MF_ALL	GO:1990948~ubiquitin ligase inhibitor activity	3	0.23752969121140144	0.007711167810553006	100550844, 100538499, 100543230	966	3	18695	19.353002070393373	0.9999458306736037	0.15489282778358715	0.14940017431608404
GOTERM_MF_ALL	GO:0003688~DNA replication origin binding	5	0.395882818685669	0.007798866198190391	104915927, 100538715, 100540159, 104916180, 100538952	966	16	18695	6.047813146997929	0.9999515779269129	0.15489282778358715	0.14940017431608404
GOTERM_MF_ALL	GO:0044389~ubiquitin-like protein ligase binding	14	1.1084718923198733	0.00788047357627852	104916262, 100548997, 100546654, 100549034, 100542056, 100543577, 100546229, 100547815, 100541710, 104914712, 100548090, 100551334, 100538499, 100550153	966	118	18695	2.2961188897076883	0.9999563772975621	0.15489282778358715	0.14940017431608404
GOTERM_MF_ALL	GO:0003824~catalytic activity	397	31.433095803642118	0.007933832786393352	100548170, 100541660, 100549025, 100549146, 100539694, 100542994, 100544934, 100544813, 100542754, 100538480, 100544817, 100542759, 100542517, 100542637, 100551225, 100548041, 100547192, 100549258, 100538373, 100540561, 100543832, 100541415, 100551338, 100542987, 100543718, 100551336, 100551334, 100550244, 100544808, 100551330, 100549242, 100549487, 100538461, 100541642, 100543822, 100540315, 100550359, 100541527, 100541406, 100539679, 100540679, 100547293, 100548267, 100542963, 100542966, 100550225, 100539687, 104915565, 100549103, 100547045, 104913022, 100542950, 100542838, 100550454, 100548361, 100546184, 100539428, 100549698, 100549456, 100549694, 104911199, 100540766, 100540523, 100540404, 100539667, 100538457, 100539785, 100538697, 100538455, 100548591, 100539519, 100549446, 104916314, 100549320, 100551408, 100540874, 100539878, 100539755, 100550795, 100547498, 100548103, 100545195, 100549794, 100548462, 100547132, 100550429, 100549317, 100539526, 100541959, 100538768, 100538405, 100538527, 100548213, 100549786, 100548215, 100548337, 100546038, 100548572, 104913186, 100540853, 100540614, 100550896, 100542914, 100540615, 100539974, 100541827, 100538642, 100550650, 100550891, 100542918, 100548560, 100548566, 100548683, 100549779, 100550768, 100550405, 100539504, 100540725, 100540609, 100539860, 100547460, 100545282, 104914291, 100547344, 100546254, 100547587, 100547467, 100544194, 100549524, 100549403, 100547340, 100546015, 100547342, 100548311, 100546017, 100548559, 100549405, 100540952, 104910938, 100550511, 100540715, 100538864, 100550872, 100543093, 100546367, 100544187, 100546369, 100550502, 100550982, 104910924, 100550980, 100548890, 100544292, 100548895, 100547443, 100546594, 100548655, 100546593, 100549744, 100545382, 100546114, 100549983, 100545145, 723983, 100549740, 100548652, 104910952, 100550737, 100547569, 100540936, 100549854, 100548881, 100549619, 100546108, 100549739, 100549615, 100550604, 100547679, 100548526, 100550965, 100550844, 100548528, 100538975, 100550962, 100538709, 100539918, 100538828, 100538702, 100538703, 100549963, 100543064, 100548997, 100547780, 104916155, 100548630, 100550959, 100550838, 100303677, 100549724, 100538701, 109365384, 100539807, 100538715, 100379155, 100547895, 100546682, 100545230, 100379156, 100547891, 100303685, 100546206, 100546204, 104911935, 100548867, 100549716, 100538952, 100542072, 100543284, 100547401, 100549821, 100543045, 100550807, 100543165, 100543044, 100543047, 100550932, 100546782, 100544240, 100547879, 5848007, 100547861, 100543380, 100542173, 100548711, 100544470, 100542172, 100544596, 100545444, 104912834, 100546537, 100544477, 100548713, 100548835, 5848003, 100543376, 100544583, 100542044, 100545315, 100546991, 100543481, 100542270, 100545663, 100542036, 100546877, 104913825, 100542398, 100546513, 100548932, 100548933, 104911888, 100543474, 100545411, 100544683, 100542264, 100543478, 100545898, 100545655, 100546502, 100545896, 100545537, 104913819, 104917084, 100541040, 100540073, 100543343, 104910451, 100544671, 100541165, 100543462, 100545645, 100544434, 100543103, 100542017, 100547702, 100544316, 104912757, 104915908, 100542480, 100542120, 100543693, 100543572, 104913714, 100542245, 100547815, 104913715, 100546968, 100547933, 100546605, 100542009, 104911657, 104909223, 100543680, 104913621, 100544770, 100541384, 100540175, 104911687, 104915807, 100547927, 100542237, 100545625, 100541370, 100540281, 100541130, 100541374, 100540284, 100543550, 100541252, 100540164, 100544765, 100543434, 104912766, 100546821, 100543796, 100544768, 100544526, 100544408, 104909365, 100539069, 100545840, 100544996, 100544512, 100541003, 100546937, 100544516, 100545847, 100545846, 100546814, 100546934, 100134843, 104909253, 100551288, 100539399, 100551274, 100551273, 104909270, 100542441, 100545712, 100541596, 104912546, 100543532, 100540388, 100540026, 100543656, 100545718, 100542790, 104911363, 100541461, 104914517, 100540014, 100543648, 100543407, 100545948, 100550283, 100548080, 100549291, 104913530, 100549298, 100542541, 100543993, 104916929, 100541698, 104915835, 109370376, 100551259, 100551016, 100548090, 100550046, 100550287, 100551374, 104915862, 104915861, 100544710, 100541568, 100551128, 100551003, 100539114, 100545809, 104913432, 104916940, 104912460, 100544942, 100543853, 104915859, 100544940, 100545913, 100539128	966	6975	18695	1.1015257092395943	0.9999592553235388	0.15489282778358715	0.14940017431608404
GOTERM_MF_ALL	GO:0042910~xenobiotic transmembrane transporter activity	4	0.3167062549485352	0.009110175608105068	100544028, 100548109, 100548615, 100538834	966	9	18695	8.601334253508167	0.9999909594938643	0.1751638310103838	0.16895234764122127
GOTERM_MF_ALL	GO:0008187~poly-pyrimidine tract binding	5	0.395882818685669	0.009788272750127489	100544841, 100551082, 100541359, 100539656, 100550167	966	17	18695	5.692059432468639	0.9999962075919705	0.18539280775987735	0.17881859471874698
GOTERM_MF_ALL	GO:0031491~nucleosome binding	9	0.7125890736342043	0.011579255165407793	100550372, 100549716, 104916528, 100547256, 100538678, 100541539, 100540719, 100540164, 100548773	966	60	18695	2.902950310559006	0.9999996187499985	0.21608933536621308	0.20842659297734029
GOTERM_MF_ALL	GO:0051539~4 iron, 4 sulfur cluster binding	8	0.6334125098970704	0.012340990994029466	104913825, 104915859, 100546821, 100543648, 100547569, 100548655, 100540281, 100541252	966	49	18695	3.159673807411164	0.9999998566754837	0.2269669213249767	0.21891844893756618
GOTERM_MF_ALL	GO:0000049~tRNA binding	9	0.7125890736342043	0.012741999648520004	100543713, 100548537, 100550965, 104914988, 100541359, 100543407, 100541040, 100540615, 100548881	966	61	18695	2.8553609612055797	0.9999999143928986	0.23099425077102695	0.2228029652826926
GOTERM_MF_ALL	GO:0043168~anion binding	173	13.697545526524149	0.01335511329008195	100548291, 100548170, 100549786, 100548215, 104913621, 100550807, 100540175, 100539694, 104911687, 104915807, 100547927, 100542994, 100538480, 100542754, 100542237, 100540853, 100545625, 100540614, 100542517, 100544817, 100550896, 100542637, 100551225, 100539974, 100550650, 100538642, 100548566, 100541374, 100549774, 100541252, 100544765, 100543434, 104912644, 100543796, 100550405, 100544526, 100542987, 100543718, 100551336, 100551334, 100540609, 100539860, 100539069, 100551330, 100547861, 100542173, 100544194, 100542172, 100544470, 100546654, 100545840, 100548311, 100549487, 100546537, 100544996, 100544512, 100539671, 100546017, 100541003, 100546937, 100545847, 100545846, 100134843, 100540315, 100538864, 100551288, 100539399, 100551274, 100547293, 100550060, 100543093, 100547732, 100546367, 100544187, 100544583, 100542044, 100545712, 100541596, 100545315, 100540388, 100540026, 100542966, 100543656, 100550225, 100550982, 100544292, 100543481, 100546991, 100547443, 100546593, 100549744, 100549103, 100547045, 100545145, 100549983, 104914517, 100542398, 100548932, 100547569, 100550459, 100543407, 100542838, 100545948, 100550454, 100548080, 104913530, 100549214, 100549456, 100549698, 100549854, 100545411, 104914582, 100543232, 100548881, 104911199, 100544683, 100542264, 100546108, 100543993, 100545655, 100549615, 100541698, 100550844, 100550965, 109370376, 100548090, 100539785, 100538697, 104913819, 104915862, 100548997, 100547780, 100543343, 100541165, 104910451, 100543462, 100303677, 100550959, 100547029, 100542017, 100544316, 100541568, 100551128, 100538701, 104915908, 100551003, 100538838, 100539807, 100538715, 100547498, 104912460, 100545195, 100542480, 100549794, 104913395, 100547132, 100543572, 104913714, 100544028, 100547815, 100544942, 100546206, 100544667, 104913715, 100544940, 100549317, 100546968, 100547933, 100549716, 100542009, 100539128, 100538952, 100541959	966	2849	18695	1.1751735198940165	0.9999999610826384	0.23869913753681685	0.23023462911352544
GOTERM_MF_ALL	GO:0046933~proton-transporting ATP synthase activity, rotational mechanism	5	0.395882818685669	0.014687909275598278	100542245, 100548528, 100538864, 5848003, 100545663	966	19	18695	5.092895281682467	0.9999999929988809	0.25887440098241965	0.2496944576851707
GOTERM_MF_ALL	GO:0001094~TFIID-class transcription factor complex binding	3	0.23752969121140144	0.014894998553116002	100551261, 100550454, 100545850	966	4	18695	14.51475155279503	0.9999999946380472	0.2589281255329343	0.24974627710978065
GOTERM_MF_ALL	GO:0016742~hydroxymethyl-, formyl- and related transferase activity	4	0.3167062549485352	0.016563499983804086	100545847, 100539128, 100550287, 100549298	966	11	18695	7.037455298324864	0.9999999993761447	0.28057736982856657	0.2706278177069862
GOTERM_MF_ALL	GO:0030554~adenyl nucleotide binding	131	10.37212984956453	0.016582586869300624	100548291, 100549786, 100548215, 104913621, 100550807, 100539694, 104911687, 104915807, 100547927, 100542994, 100538480, 100542754, 100542237, 100540853, 100545625, 100540614, 100542517, 100542637, 100551225, 100550650, 100541374, 100541252, 100540164, 100544765, 100543434, 100543796, 100542987, 100551336, 100551334, 100540725, 100539860, 100539069, 100551330, 100549242, 100547861, 100542173, 100546654, 100545840, 100548311, 100549487, 100546537, 100544996, 100546017, 100541003, 100546937, 100545846, 100134843, 100538864, 100539399, 100551274, 100547293, 100543093, 100547732, 100544187, 100544583, 100542044, 100545315, 100540026, 100542966, 100543656, 100550225, 100550982, 100550980, 100544292, 100543481, 100547443, 100546593, 100549744, 100545145, 100549983, 100548932, 100547569, 100550459, 100543407, 100542838, 100545948, 100550454, 100548080, 100549456, 100549698, 100549854, 100545411, 100543232, 100548881, 104911199, 100542264, 100543993, 100545655, 100549615, 100541698, 100550844, 100550965, 104915835, 109370376, 100548090, 100538697, 104913819, 104915862, 100548997, 100547780, 100543343, 100543462, 100303677, 100542017, 100544316, 100541568, 100538701, 100551003, 100538838, 100539807, 100538715, 100547498, 104912460, 100545195, 100549794, 100547132, 100303685, 104913714, 100544028, 100547815, 100544942, 100546206, 104913715, 104915859, 100544940, 100546968, 100547933, 100542009, 100539128, 100538952, 100541959	966	2107	18695	1.2032478743339021	0.9999999993913222	0.28057736982856657	0.2706278177069862
GOTERM_MF_ALL	GO:0004536~DNA nuclease activity	8	0.6334125098970704	0.01683385081742977	100546877, 100550838, 100546821, 100538703, 100549794, 100544808, 104913819, 100541252	966	52	18695	2.9773849339066736	0.9999999995598934	0.28108100904366284	0.2711135973754479
GOTERM_MF_ALL	GO:0000217~DNA secondary structure binding	5	0.395882818685669	0.017625795361095112	100549109, 100549794, 100541959, 100542264, 100547332	966	20	18695	4.838250517598344	0.9999999998417114	0.2904822638081779	0.280181474311434
GOTERM_MF_ALL	GO:0042803~protein homodimerization activity	19	1.5043547110055424	0.021484239488664767	100549095, 100539967, 100548114, 100547344, 100547498, 100542264, 100540164, 100539573, 100546877, 100544667, 100547414, 100545847, 100540357, 104912997, 100549716, 100545625, 100542517, 100548090, 100550287	966	207	18695	1.7763625088766866	0.9999999999989271	0.3495320501425076	0.3371372965913548
GOTERM_MF_ALL	GO:0032553~ribonucleotide binding	149	11.797307996832936	0.021862891760192092	100548291, 100549786, 100548215, 104913621, 100550807, 100540175, 100539694, 104911687, 104915807, 100547927, 100538480, 100542754, 100542237, 100540853, 100540614, 100542517, 100550896, 100542637, 100551225, 100539974, 100550650, 100548566, 100541374, 100541252, 100544765, 100543434, 104912644, 100543796, 100550405, 100542987, 100551336, 100551334, 100540609, 100539860, 100539069, 100551330, 100547861, 100542173, 100542172, 100544470, 100546654, 100545840, 100548311, 100549487, 100546537, 100544996, 100544512, 100539671, 100546017, 100541003, 100546937, 100545846, 100134843, 100538864, 100551288, 100539399, 100551274, 100547293, 100550060, 100543093, 100547732, 100546367, 100544187, 100544583, 100542044, 100541596, 100545315, 100540026, 100542966, 100543656, 100550225, 100550982, 100544292, 100543481, 100546991, 100547443, 100546593, 100549744, 100549103, 100547045, 100545145, 100549983, 104914517, 100542398, 100548932, 100547569, 100550459, 100543407, 100542838, 100545948, 100550454, 104913530, 100549456, 100549698, 100549854, 100545411, 104914582, 100543232, 100548881, 104911199, 100544683, 100542264, 100546108, 100543993, 100545655, 100541698, 100550844, 100550965, 109370376, 100548090, 100539785, 100538697, 104913819, 104915862, 100548997, 100547780, 104910451, 100543462, 100303677, 100550959, 100547029, 100542017, 100544316, 100541568, 100538701, 100551003, 100538838, 100539807, 100538715, 100547498, 104912460, 100545195, 100549794, 100547132, 100543572, 104913714, 100544028, 100547815, 100544942, 100546206, 104913715, 100544940, 100549317, 100546968, 100547933, 100542009, 100539128, 100538952, 100541959	966	2454	18695	1.1750600279089702	0.9999999999993434	0.3511899954896679	0.338736449550318
GOTERM_MF_ALL	GO:0003684~damaged DNA binding	7	0.5542359461599367	0.022192741174236273	100544942, 100542455, 100548655, 100541959, 100549740, 100542264, 100540164	966	43	18695	3.1504887091338056	0.999999999999572	0.3520323568763229	0.339548939965815
GOTERM_MF_ALL	GO:0032555~purine ribonucleotide binding	148	11.718131433095804	0.02322137105234358	100548291, 100549786, 100548215, 104913621, 100550807, 100540175, 100539694, 104911687, 104915807, 100547927, 100538480, 100542754, 100542237, 100540853, 100540614, 100542517, 100550896, 100542637, 100551225, 100539974, 100550650, 100548566, 100541374, 100541252, 100544765, 100543434, 104912644, 100543796, 100550405, 100542987, 100551336, 100551334, 100540609, 100539860, 100539069, 100551330, 100547861, 100542173, 100542172, 100544470, 100546654, 100545840, 100548311, 100549487, 100546537, 100544996, 100544512, 100539671, 100546017, 100541003, 100546937, 100545846, 100134843, 100538864, 100551288, 100539399, 100551274, 100547293, 100550060, 100543093, 100547732, 100546367, 100544187, 100544583, 100542044, 100541596, 100545315, 100540026, 100542966, 100543656, 100550225, 100550982, 100544292, 100543481, 100546991, 100547443, 100546593, 100549744, 100549103, 100547045, 100545145, 100549983, 104914517, 100542398, 100548932, 100550459, 100543407, 100542838, 100545948, 100550454, 104913530, 100549456, 100549698, 100549854, 100545411, 104914582, 100543232, 100548881, 104911199, 100544683, 100542264, 100546108, 100543993, 100545655, 100541698, 100550844, 100550965, 109370376, 100548090, 100539785, 100538697, 104913819, 104915862, 100548997, 100547780, 104910451, 100543462, 100303677, 100550959, 100547029, 100542017, 100544316, 100541568, 100538701, 100551003, 100538838, 100539807, 100538715, 100547498, 104912460, 100545195, 100549794, 100547132, 100543572, 104913714, 100544028, 100547815, 100544942, 100546206, 104913715, 100544940, 100549317, 100546968, 100547933, 100542009, 100539128, 100538952, 100541959	966	2438	18695	1.1748335957416816	0.9999999999998874	0.3638014798200494	0.35090071812430296
GOTERM_MF_ALL	GO:0055105~ubiquitin-protein transferase inhibitor activity	3	0.23752969121140144	0.023979937927548423	100550844, 100538499, 100543230	966	5	18695	11.611801242236025	0.999999999999958	0.3711041613421823	0.3579444393087716
GOTERM_MF_ALL	GO:0019205~nucleobase-containing compound kinase activity	8	0.6334125098970704	0.024469994847932438	100547927, 104917084, 100546968, 100549698, 100551225, 100547132, 104913819, 100548311	966	56	18695	2.764714581484768	0.9999999999999778	0.3741255838798345	0.36085871920324464
GOTERM_MF_ALL	GO:0017069~snRNA binding	6	0.4750593824228029	0.025878409632668926	100546618, 100544208, 100542017, 100546935, 100546610, 104914561	966	33	18695	3.5187276491624315	0.9999999999999964	0.3909488312363913	0.37708539750460435
GOTERM_MF_ALL	GO:0003727~single-stranded RNA binding	8	0.6334125098970704	0.029059371680950515	100544841, 100542029, 100551082, 100542017, 100541359, 100543074, 100539656, 100550167	966	58	18695	2.6693795959163276	0.9999999999999999	0.4292817544752027	0.414058997224309
GOTERM_MF_ALL	GO:0016866~intramolecular transferase activity	6	0.4750593824228029	0.029092380523930206	100543853, 100546782, 100539755, 104913186, 100549320, 100548652	966	34	18695	3.4152356594811835	1.0	0.4292817544752027	0.414058997224309
GOTERM_MF_ALL	GO:0008757~S-adenosylmethionine-dependent methyltransferase activity	16	1.2668250197941409	0.030147952201493154	100548890, 100538702, 100549963, 104916314, 100546682, 100547895, 100541040, 100547401, 100549524, 100547340, 100540073, 100540284, 100549619, 100550502, 100539687, 100545809	966	170	18695	1.8214590183899648	1.0	0.4397442683183312	0.4241504999382485
GOTERM_MF_ALL	GO:0140657~ATP-dependent activity	58	4.592240696753761	0.03140999191661335	100544292, 100546593, 100549744, 104913621, 100545145, 100539694, 100548932, 100538480, 100550459, 100540853, 100540614, 100542517, 100542637, 100550454, 100545948, 100550650, 100549456, 100549854, 100541252, 100542264, 100545655, 100541698, 100548090, 100551334, 100551330, 100538703, 100542173, 100544470, 100548997, 100546654, 100547780, 100549487, 100543462, 100546937, 100542017, 100545846, 100543822, 100134843, 100538546, 100538701, 100538864, 100551003, 100551274, 100538838, 100539807, 100538715, 104912460, 100549794, 100547815, 100544942, 100545315, 104913715, 100544940, 100543656, 100550225, 100538952, 100550982, 100541959	966	860	18695	1.3052024652125764	1.0	0.45294636070661753	0.4368844330219857
GOTERM_MF_ALL	GO:0043531~ADP binding	4	0.3167062549485352	0.03256624600393049	100550454, 100541959, 100542264, 100550807	966	14	18695	5.529429162969536	1.0	0.4582846512175966	0.4420334224510151
GOTERM_MF_ALL	GO:0016779~nucleotidyltransferase activity	15	1.187648456057007	0.03274246811531161	100538709, 100548895, 100545195, 100544596, 104913022, 104911363, 100540164, 100543044, 100546108, 100544477, 100546821, 100542963, 100549716, 100550965, 100540615	966	157	18695	1.8490129366617873	1.0	0.4582846512175966	0.4420334224510151
GOTERM_MF_ALL	GO:0015252~proton channel activity	5	0.395882818685669	0.03286359595019802	100542245, 100548528, 100538864, 5848003, 100545663	966	24	18695	4.031875431331953	1.0	0.4582846512175966	0.4420334224510151
GOTERM_MF_ALL	GO:0008168~methyltransferase activity	19	1.5043547110055424	0.033714409483431865	100548890, 100538828, 100538702, 100549963, 104916314, 100546682, 100547895, 100541040, 100547401, 100549524, 100547340, 100540073, 100540284, 100547342, 100549619, 100550502, 100539667, 100539687, 100545809	966	218	18695	1.686729538245294	1.0	0.4593646046072587	0.4430750796211857
GOTERM_MF_ALL	GO:0097367~carbohydrate derivative binding	157	12.430720506730006	0.034252537240694346	100548291, 100549786, 100548215, 104913621, 100550807, 100540175, 100539694, 104911687, 104915807, 100547927, 100538480, 100542754, 100542237, 100540853, 100540614, 100542517, 100550896, 100542637, 100551225, 100539974, 100541828, 100550650, 100548566, 100541374, 100549774, 100541252, 100544765, 100543434, 104912644, 100543796, 100540323, 100550405, 100542987, 100551336, 100551334, 100540609, 100539860, 100539069, 100551330, 100547861, 100542173, 100542172, 100544470, 104910376, 100546654, 100545840, 100548311, 100549487, 100546537, 100544996, 100544512, 100539671, 100541884, 100546017, 100541003, 100546937, 100545846, 100134843, 100538864, 100551288, 100547908, 100539399, 100551274, 100547293, 100550060, 100543093, 100547732, 100546367, 100544187, 100544583, 100542044, 100541596, 100545315, 100540026, 100547217, 100542966, 100543656, 100550225, 100550982, 100544292, 100543481, 100546991, 100547443, 100546593, 100549744, 100549103, 100547045, 100545145, 100549983, 104914517, 100542398, 100548932, 100547569, 100550459, 100543407, 100542838, 100545948, 100550454, 104913530, 100549456, 100549698, 100549854, 100545411, 104914582, 100543232, 100548881, 104911199, 100544683, 100542264, 100546108, 100543993, 100545655, 100541698, 100550844, 100550965, 109370376, 100548090, 100539785, 100538697, 104913819, 104915862, 100548997, 100547780, 104910451, 100543462, 100303677, 100550959, 100547029, 100542017, 100544316, 100541568, 100538701, 100551003, 100538838, 100539807, 100538715, 100547498, 104912460, 100545195, 100549794, 100547132, 100543572, 104913714, 100544028, 100547815, 100544942, 100546206, 100544667, 104913715, 100544940, 100549317, 100546968, 100547933, 100542009, 100539128, 100538952, 100541959	966	2639	18695	1.1513532872496246	1.0	0.4593646046072587	0.4430750796211857
GOTERM_MF_ALL	GO:0032357~oxidized purine DNA binding	3	0.23752969121140144	0.03475098663695574	100548655, 100541959, 100542264	966	6	18695	9.676501035196686	1.0	0.4593646046072587	0.4430750796211857
GOTERM_MF_ALL	GO:0032356~oxidized DNA binding	3	0.23752969121140144	0.03475098663695574	100548655, 100541959, 100542264	966	6	18695	9.676501035196686	1.0	0.4593646046072587	0.4430750796211857
GOTERM_MF_ALL	GO:0070180~large ribosomal subunit rRNA binding	3	0.23752969121140144	0.03475098663695574	100548207, 100543794, 100538499	966	6	18695	9.676501035196686	1.0	0.4593646046072587	0.4430750796211857
GOTERM_MF_ALL	GO:0035639~purine ribonucleoside triphosphate binding	143	11.322248614410134	0.035844974073172706	100549786, 100548215, 104913621, 100550807, 100540175, 100539694, 104911687, 104915807, 100547927, 100538480, 100542754, 100542237, 100540853, 100540614, 100542517, 100550896, 100542637, 100551225, 100539974, 100550650, 100548566, 100541374, 100541252, 100544765, 100543434, 104912644, 100543796, 100550405, 100542987, 100551336, 100551334, 100540609, 100539860, 100539069, 100551330, 100547861, 100542173, 100542172, 100544470, 100546654, 100545840, 100548311, 100549487, 100546537, 100544996, 100544512, 100539671, 100546017, 100541003, 100546937, 100545846, 100134843, 100538864, 100551288, 100539399, 100551274, 100547293, 100550060, 100543093, 100547732, 100546367, 100544583, 100542044, 100541596, 100545315, 100540026, 100542966, 100543656, 100550225, 100550982, 100544292, 100546991, 100546593, 100549744, 100549103, 100547045, 100545145, 100549983, 104914517, 100542398, 100548932, 100550459, 100543407, 100542838, 100545948, 100550454, 104913530, 100549456, 100549698, 100549854, 100545411, 104914582, 100543232, 100548881, 104911199, 100544683, 100542264, 100546108, 100543993, 100545655, 100541698, 100550844, 100550965, 109370376, 100548090, 100539785, 100538697, 104913819, 104915862, 100548997, 100547780, 104910451, 100543462, 100303677, 100550959, 100547029, 100542017, 100544316, 100541568, 100538701, 100551003, 100538838, 100539807, 100538715, 100547498, 104912460, 100545195, 100549794, 100547132, 100543572, 104913714, 100547815, 100544942, 100546206, 104913715, 100544940, 100549317, 100546968, 100547933, 100542009, 100539128, 100538952, 100541959	966	2383	18695	1.161342549755037	1.0	0.46894094947274395	0.4523118377893133
GOTERM_MF_ALL	GO:0005525~GTP binding	31	2.454473475851148	0.038478515901308984	100546991, 100542172, 100544470, 100549103, 100547045, 104910451, 100540175, 104914517, 100544512, 100542398, 100550959, 100539671, 100547029, 100550896, 100539974, 100551288, 100550060, 104913530, 100548566, 104914582, 100546367, 100544683, 100543572, 100546108, 100541596, 104912644, 100550405, 100549317, 100539785, 104913819, 100540609	966	414	18695	1.449137836188876	1.0	0.4971100240525735	0.4794820090152482
GOTERM_MF_ALL	GO:0016646~oxidoreductase activity, acting on the CH-NH group of donors, NAD or NADP as acceptor	4	0.3167062549485352	0.039184106891414563	100543047, 100538828, 100540725, 100545444	966	15	18695	5.1608005521049005	1.0	0.4971100240525735	0.4794820090152482
GOTERM_MF_ALL	GO:0003755~peptidyl-prolyl cis-trans isomerase activity	7	0.5542359461599367	0.03932831419591318	100548591, 100544813, 100550932, 100538405, 104912757, 100548462, 100540936	966	49	18695	2.764714581484768	1.0	0.4971100240525735	0.4794820090152482
GOTERM_MF_ALL	GO:0051540~metal cluster binding	10	0.791765637371338	0.039956834084604015	104913825, 104915859, 100546821, 100540014, 100543648, 100547569, 104913547, 100548655, 100540281, 100541252	966	89	18695	2.174494614650941	1.0	0.4971100240525735	0.4794820090152482
GOTERM_MF_ALL	GO:0051536~iron-sulfur cluster binding	10	0.791765637371338	0.039956834084604015	104913825, 104915859, 100546821, 100540014, 100543648, 100547569, 104913547, 100548655, 100540281, 100541252	966	89	18695	2.174494614650941	1.0	0.4971100240525735	0.4794820090152482
GOTERM_MF_ALL	GO:0016627~oxidoreductase activity, acting on the CH-CH group of donors	8	0.6334125098970704	0.04297711383786193	104913825, 100540388, 100548170, 100548835, 100544526, 100542270, 100550872, 100550046	966	63	18695	2.457524072430905	1.0	0.5294947326237552	0.510718323665466
GOTERM_MF_ALL	GO:0004602~glutathione peroxidase activity	4	0.3167062549485352	0.04642685474409606	100545645, 100546204, 100379155, 100379156	966	16	18695	4.838250517598344	1.0	0.5611017016215037	0.5412044781597484
GOTERM_MF_ALL	GO:0031492~nucleosomal DNA binding	4	0.3167062549485352	0.04642685474409606	104916528, 100547256, 100541539, 100540719	966	16	18695	4.838250517598344	1.0	0.5611017016215037	0.5412044781597484
GOTERM_MF_ALL	GO:0032561~guanyl ribonucleotide binding	32	2.5336500395882817	0.047367129144153565	100546991, 100542172, 100544470, 100549103, 100547045, 104910451, 100540175, 104914517, 100544512, 100542398, 100550959, 100539671, 100547029, 100550896, 100539974, 100551288, 100550060, 104913530, 100548566, 104914582, 100546367, 100544683, 100543572, 100546108, 100541596, 100544028, 104912644, 100550405, 100549317, 100539785, 104913819, 100540609	966	438	18695	1.4139179594807945	1.0	0.5638870980510826	0.5438911016662924
GOTERM_MF_ALL	GO:0036002~pre-mRNA binding	5	0.395882818685669	0.04809982127506716	100544208, 100546705, 100548975, 100551212, 100546731	966	27	18695	3.5838892722950693	1.0	0.5638870980510826	0.5438911016662924
GOTERM_MF_ALL	GO:0044877~protein-containing complex binding	75	5.938242280285035	0.048107189006089804	100550372, 100551261, 100544292, 100546270, 104914632, 100549222, 100549740, 100548773, 100550619, 100543565, 100550217, 100539171, 100539215, 100550454, 100551344, 100539015, 100540818, 104913292, 100545850, 100543594, 100542264, 100540164, 100540000, 100541375, 100540441, 100540489, 100540323, 100540445, 104914988, 104916528, 100541539, 100550440, 104913819, 100547140, 100539716, 100546171, 100538868, 100546331, 100543064, 100544470, 100546654, 100550959, 100541884, 100547029, 100549648, 104913721, 100540357, 104912997, 100540952, 100539832, 100550397, 100539675, 100538584, 100540719, 100539674, 100538838, 104913590, 100549191, 100547256, 100549512, 104911256, 100549034, 100542561, 100544942, 100545511, 104916307, 100539084, 100549999, 100549317, 100549716, 100540622, 100538678, 104911936, 100541959, 100539366	966	1178	18695	1.232152084278016	1.0	0.5638870980510826	0.5438911016662924
GOTERM_MF_ALL	GO:0019001~guanyl nucleotide binding	32	2.5336500395882817	0.04843474679871395	100546991, 100542172, 100544470, 100549103, 100547045, 104910451, 100540175, 104914517, 100544512, 100542398, 100550959, 100539671, 100547029, 100550896, 100539974, 100551288, 100550060, 104913530, 100548566, 104914582, 100546367, 100544683, 100543572, 100546108, 100541596, 100544028, 104912644, 100550405, 100549317, 100539785, 104913819, 100540609	966	439	18695	1.4106971896414304	1.0	0.5638870980510826	0.5438911016662924
GOTERM_MF_ALL	GO:0001530~lipopolysaccharide binding	4	0.3167062549485352	0.05427797945770123	100547217, 100546654, 104910376, 100541828	966	17	18695	4.553647545974912	1.0	0.6205293327191248	0.5985247464524892
GOTERM_MF_ALL	GO:0043138~3'-5' DNA helicase activity	4	0.3167062549485352	0.05427797945770123	100538715, 100540853, 100538952, 100550982	966	17	18695	4.553647545974912	1.0	0.6205293327191248	0.5985247464524892
GOTERM_MF_ALL	GO:0003899~DNA-directed 5'-3' RNA polymerase activity	6	0.4750593824228029	0.058512528827059866	100544477, 100542963, 100548895, 100544596, 104913022, 100543044	966	41	18695	2.8321466444478105	1.0	0.6589963296258231	0.6356276654546946
GOTERM_MF_ALL	GO:0016859~cis-trans isomerase activity	7	0.5542359461599367	0.058681312251944846	100548591, 100544813, 100550932, 100538405, 104912757, 100548462, 100540936	966	54	18695	2.508722490606549	1.0	0.6589963296258231	0.6356276654546946
GOTERM_MF_ALL	GO:0048027~mRNA 5'-UTR binding	3	0.23752969121140144	0.060575684572536426	100545847, 100547675, 100549126	966	8	18695	7.257375776397515	1.0	0.6743030151100765	0.650391560673549
GOTERM_MF_ALL	GO:0005346~purine ribonucleotide transmembrane transporter activity	4	0.3167062549485352	0.06271763728088013	100544028, 100539514, 100545862, 100547970	966	18	18695	4.3006671267540835	1.0	0.6911726145057204	0.6666629473246665
GOTERM_MF_ALL	GO:0034062~5'-3' RNA polymerase activity	6	0.4750593824228029	0.06372513467074017	100544477, 100542963, 100548895, 100544596, 104913022, 100543044	966	42	18695	2.7647145814847676	1.0	0.6911726145057204	0.6666629473246665
GOTERM_MF_ALL	GO:0097747~RNA polymerase activity	6	0.4750593824228029	0.06372513467074017	100544477, 100542963, 100548895, 100544596, 104913022, 100543044	966	42	18695	2.7647145814847676	1.0	0.6911726145057204	0.6666629473246665
GOTERM_MF_ALL	GO:0022884~macromolecule transmembrane transporter activity	5	0.395882818685669	0.06661511267678807	100543412, 100543443, 100539030, 100539378, 100545145	966	30	18695	3.2255003450655626	1.0	0.7163947287020683	0.6909906603083781
GOTERM_MF_ALL	GO:0016209~antioxidant activity	8	0.6334125098970704	0.06873068215280773	100545645, 100546204, 100549615, 100379155, 100549403, 100548711, 100379156, 100543474	966	70	18695	2.2117716651878143	1.0	0.7329347533774202	0.7069441592860224
GOTERM_MF_ALL	GO:0000295~adenine nucleotide transmembrane transporter activity	4	0.3167062549485352	0.07172321127951314	100544028, 100539514, 100545862, 100547970	966	19	18695	4.0743162253459735	1.0	0.7460389763418211	0.7195836934928204
GOTERM_MF_ALL	GO:0048038~quinone binding	4	0.3167062549485352	0.07172321127951314	5848007, 104915859, 100543648, 100545625	966	19	18695	4.0743162253459735	1.0	0.7460389763418211	0.7195836934928204
GOTERM_MF_ALL	GO:0015216~purine nucleotide transmembrane transporter activity	4	0.3167062549485352	0.07172321127951314	100544028, 100539514, 100545862, 100547970	966	19	18695	4.0743162253459735	1.0	0.7460389763418211	0.7195836934928204
GOTERM_MF_ALL	GO:0055106~ubiquitin-protein transferase regulator activity	3	0.23752969121140144	0.07528011570114222	100550844, 100538499, 100543230	966	9	18695	6.451000690131124	1.0	0.7463317720683553	0.7198661063921725
GOTERM_MF_ALL	GO:0031386~protein tag activity	3	0.23752969121140144	0.07528011570114222	104914712, 100542056, 100550153	966	9	18695	6.451000690131124	1.0	0.7463317720683553	0.7198661063921725
GOTERM_MF_ALL	GO:0141047~molecular tag activity	3	0.23752969121140144	0.07528011570114222	104914712, 100542056, 100550153	966	9	18695	6.451000690131124	1.0	0.7463317720683553	0.7198661063921725
GOTERM_MF_ALL	GO:0140693~molecular condensate scaffold activity	3	0.23752969121140144	0.07528011570114222	100543577, 100549716, 100551212	966	9	18695	6.451000690131124	1.0	0.7463317720683553	0.7198661063921725
GOTERM_MF_ALL	GO:0019136~deoxynucleoside kinase activity	3	0.23752969121140144	0.07528011570114222	104917084, 100551225, 100547132	966	9	18695	6.451000690131124	1.0	0.7463317720683553	0.7198661063921725
GOTERM_MF_ALL	GO:0043024~ribosomal small subunit binding	3	0.23752969121140144	0.07528011570114222	104914632, 104913819, 100549740	966	9	18695	6.451000690131124	1.0	0.7463317720683553	0.7198661063921725
GOTERM_MF_ALL	GO:0048029~monosaccharide binding	7	0.5542359461599367	0.07762128545995434	100546537, 100540026, 100544194, 100543122, 100542790, 100549532, 100541165	966	58	18695	2.3357071464267865	1.0	0.7635768313851322	0.7364996387828227
GOTERM_MF_ALL	GO:0046983~protein dimerization activity	32	2.5336500395882817	0.0789334356908047	100548114, 100547344, 100548112, 104913022, 100539573, 100546735, 100546877, 104915823, 100545847, 100540357, 104912997, 100545625, 100542517, 100539975, 100543192, 100549095, 100539967, 100547498, 100542480, 116216385, 100542264, 100540164, 100544667, 100544202, 100547931, 100547414, 100547018, 100542963, 100549999, 100549716, 100548090, 100550287	966	460	18695	1.3462957962012783	1.0	0.7705117683971628	0.7431886560426535
GOTERM_MF_ALL	GO:0042393~histone binding	16	1.2668250197941409	0.08027206876691671	100549274, 100546270, 100546171, 100544262, 100545141, 100548773, 100542751, 100544611, 100539463, 100540323, 100538678, 100539215, 100538952, 100551344, 100550397, 100541959	966	195	18695	1.5879386314168924	1.0	0.7736059255203386	0.7461730912820288
GOTERM_MF_ALL	GO:1901505~carbohydrate derivative transmembrane transporter activity	6	0.4750593824228029	0.08086818227438528	100544028, 100549609, 100539514, 100545862, 100539841, 100547970	966	45	18695	2.58040027605245	1.0	0.7736059255203386	0.7461730912820288
GOTERM_MF_ALL	GO:0009982~pseudouridine synthase activity	4	0.3167062549485352	0.08126981409187058	100543853, 100539755, 104913186, 100548652	966	20	18695	3.8706004140786754	1.0	0.7736059255203386	0.7461730912820288
GOTERM_MF_ALL	GO:0003682~chromatin binding	26	2.058590657165479	0.08168888417630053	100550372, 100547140, 100544292, 100546171, 100546270, 100549222, 100548773, 104912997, 100539215, 100551344, 100539015, 100550397, 100540719, 104913292, 100547256, 100542264, 100543594, 100540164, 100540441, 100540323, 100549999, 100549716, 104916528, 100538678, 100541539, 100541959	966	360	18695	1.3977168161950773	1.0	0.7736059255203386	0.7461730912820288
GOTERM_MF_ALL	GO:0003724~RNA helicase activity	7	0.5542359461599367	0.09383254692405803	100545655, 100541698, 100542017, 100545846, 100542637, 100542173, 100549854	966	61	18695	2.220836303159895	1.0	0.8452241893997066	0.8152517004139015
GOTERM_MF_ALL	GO:0008186~ATP-dependent activity, acting on RNA	7	0.5542359461599367	0.09383254692405803	100545655, 100541698, 100542017, 100545846, 100542637, 100542173, 100549854	966	61	18695	2.220836303159895	1.0	0.8452241893997066	0.8152517004139015
GOTERM_MF_ALL	GO:0032559~adenyl ribonucleotide binding	118	9.34283452098179	0.09538742436678534	100548291, 100549786, 100548215, 104913621, 100550807, 100539694, 104911687, 104915807, 100547927, 100538480, 100542754, 100542237, 100540853, 100540614, 100542517, 100542637, 100551225, 100550650, 100541374, 100541252, 100544765, 100543434, 100543796, 100542987, 100551336, 100551334, 100539860, 100539069, 100551330, 100547861, 100542173, 100546654, 100545840, 100548311, 100549487, 100546537, 100544996, 100546017, 100541003, 100546937, 100545846, 100134843, 100538864, 100539399, 100551274, 100547293, 100543093, 100547732, 100544187, 100544583, 100542044, 100545315, 100540026, 100542966, 100543656, 100550225, 100550982, 100544292, 100543481, 100547443, 100546593, 100549744, 100545145, 100549983, 100548932, 100550459, 100543407, 100542838, 100545948, 100550454, 100549456, 100549698, 100549854, 100545411, 100543232, 100548881, 104911199, 100542264, 100543993, 100545655, 100541698, 100550844, 100550965, 109370376, 100548090, 100538697, 104913819, 104915862, 100548997, 100547780, 100543462, 100303677, 100542017, 100544316, 100541568, 100538701, 100551003, 100538838, 100539807, 100538715, 100547498, 104912460, 100545195, 100549794, 100547132, 104913714, 100544028, 100547815, 100544942, 100546206, 104913715, 100544940, 100546968, 100547933, 100542009, 100539128, 100538952, 100541959	966	2014	18695	1.1338898929028889	1.0	0.8452241893997066	0.8152517004139015
